{
    "loss": 5.277490139007568,
    "accuracy": 0.5686274766921997
}