{
    "loss": 6.221094608306885,
    "accuracy": 0.7156862616539001
}