{
    "loss": 0.23432832956314087,
    "accuracy": 0.970588207244873
}