{
    "loss": 0.03563965857028961,
    "accuracy": 0.9901960492134094
}